alpha [deg],beta [deg],D_c [m],x_t [m],x_c [m],A_t [m^2],A_e [m^2],A_c [m^2]
15,30,0.127,0.2347046349630462,0.15737608728608393,0.001116790388228642,0.004472629178150887,0.012667686977437444
