alpha [deg],beta [deg],D_c [m],x_t [m],x_c [m],A_t [m^2],A_e [m^2],A_c [m^2]
15,30,0.08889999999999999,0.23470369701576743,0.19037071722299231,0.001116790388228642,0.004472629178150887,0.006207166618944346
