OF used [-],mdot [kg/s],o_mdot [kg/s],f_mdot [kg/s]
5,1.9602041966866228,1.6335034972388522,0.32670069944777047
