OF used [-],mdot [kg/s],o_mdot [kg/s],f_mdot [kg/s]
10.2,1.9268632542653232,1.754821892277348,0.1720413619879753
