OF used [-],mdot [kg/s],o_mdot [kg/s],f_mdot [kg/s]
10.2,1.973559886369499,1.7973491822293652,0.17621070414013384
