alpha [deg],beta [deg],D_c [m],x_t [m],x_c [m],A_t [m^2],A_e [m^2],A_c [m^2]
15,30,0.127,0.23362725788009758,0.15622895160474826,0.001112025752545451,0.004647623198664212,0.012667686977437444
