alpha [deg],beta [deg],D_c [m],x_t [m],x_c [m],A_t [m^2],A_e [m^2],A_c [m^2]
15,30,0.127,0.22768292243644717,0.14989678683955815,0.0010857139806982289,0.005323537098249909,0.012667686977437444
