alpha [deg],beta [deg],D_c [m],x_t [m],x_c [m],A_t [m^2],A_e [m^2],A_c [m^2]
15,30,0.127,0.2337637350150275,0.15637427436983484,0.0011126295471713234,0.004634215572830249,0.012667686977437444
