OF used [-],mdot [kg/s],o_mdot [kg/s],f_mdot [kg/s]
10.2,1.9746314666368618,1.798325085687142,0.17630638094971982
