Cylindrical chamber length [m],Diverging length [m],Converging length [m],Exit diameter [m],Throat diameter [m],Chamber diameter [m],Chamber Volume [m^3]
0.15737548405039697,0.07045138194024789,0.07732858432060842,0.07546342384598012,0.03770864205288811,0.127,0.003350371164685926
