alpha [deg],beta [deg],D_c [m],x_t [m],A_t [m^2]
15,30,0.075,0.34434741738678426,0.0010857139806982289
